{
  "rewards": {
    "DQN": 0.5388739971170029,
    "REINFORCE": -0.5916932302684526,
    "MCTS": 6.579627483001644,
    "IMPROVED_MCTS": 7.956483225463462
  }
}