{
  "deadwood": {
    "DQN": 28.308361742771037,
    "REINFORCE": 29.438928970156493,
    "MCTS": 21.477794515385572,
    "IMPROVED_MCTS": 19.412510901692848
  }
}