{
  "epochs": [
    1,
    2,
    3,
    4,
    5,
    6,
    7,
    8,
    9,
    10,
    11,
    12,
    13,
    14,
    15,
    16,
    17,
    18,
    19,
    20,
    21,
    22,
    23,
    24,
    25,
    26,
    27,
    28,
    29,
    30,
    31,
    32,
    33,
    34,
    35,
    36,
    37,
    38,
    39,
    40,
    41,
    42,
    43,
    44,
    45,
    46,
    47,
    48,
    49,
    50
  ],
  "reinforce_loss": [
    2.9329409351543987,
    2.7184878612936334,
    2.6779078673372063,
    2.5797559960314116,
    2.434701369048915,
    2.3694282188172777,
    2.3005272577690126,
    2.1657838554201256,
    2.110685158672802,
    2.073924808221239,
    1.9152897874752746,
    1.8642078513993248,
    1.7680804656815567,
    1.6649960444157568,
    1.6557358123173946,
    1.6326990931221885,
    1.5263098846629828,
    1.4409091973540338,
    1.5149720283058596,
    1.4181974591272053,
    1.3883458073621473,
    1.3015237817927339,
    1.2719115696356071,
    1.2554634128239563,
    1.28414041995478,
    1.1479587153434698,
    1.2359149256034432,
    1.1247037214995774,
    1.195087823300402,
    1.1121763133029359,
    0.9879897470727863,
    1.0124691161318036,
    0.9385643967697626,
    0.8737676755595571,
    0.9585739191743756,
    0.9845118750047367,
    0.9092553711817848,
    0.9530405452058109,
    0.8306943279980873,
    0.8731438887893506,
    0.8370273064824036,
    0.6861410706324548,
    0.7843815001481208,
    0.8041611026920751,
    0.7425662605802928,
    0.7425770327520826,
    0.6894683059067117,
    0.712319066746219,
    0.709200219430883,
    0.725758986851432
  ],
  "dqn_loss": [
    3.573192929381837,
    3.47067875805753,
    3.316080440846276,
    3.2707536840434015,
    3.2371635403357253,
    3.079786468345818,
    2.920143729973626,
    2.9760105183500007,
    2.785897458192622,
    2.658028044611583,
    2.660777762749324,
    2.6067010305229146,
    2.4640639238816737,
    2.4328825851689335,
    2.3835638607445437,
    2.2509116682030896,
    2.17159802533029,
    2.170594602147595,
    2.1183402838183856,
    2.034848421431428,
    2.032315972859831,
    1.982562350961536,
    1.8051152597439888,
    1.8825250298626641,
    1.8074772302770592,
    1.7972237862524387,
    1.6764252953492595,
    1.6575804424075002,
    1.6040383443217077,
    1.598409532918931,
    1.5590853881520237,
    1.5224883579206039,
    1.4922601774182458,
    1.4483174672339538,
    1.425867080862192,
    1.3544054043163514,
    1.3268857151751003,
    1.3223194000308067,
    1.37183692317718,
    1.2925016315556446,
    1.3533812991339844,
    1.203980767796281,
    1.2188990547132081,
    1.239174529809212,
    1.124784882799925,
    1.1454733848950844,
    1.2108108905281452,
    1.0977757402463597,
    1.1155872591647291,
    1.0634926382885876
  ],
  "mcts_loss": [
    3.970270020874209,
    3.768401493551827,
    3.634303147510636,
    3.5629793052918983,
    3.4345753962993415,
    3.2493602973818674,
    3.136620105921156,
    3.072355895676215,
    2.8923902358871243,
    2.8556434192219324,
    2.660235366621556,
    2.64416173156351,
    2.5928590409589494,
    2.423986314426431,
    2.3536887762364938,
    2.324124913158422,
    2.2179108824207843,
    2.212477493392415,
    2.0322824571445612,
    2.0892012588310336,
    1.9734365864996948,
    1.8766178381109866,
    1.8031943883126005,
    1.8164389881953358,
    1.7146825520687736,
    1.6447110861692298,
    1.5867959211846276,
    1.6833319215230498,
    1.5440379079931887,
    1.4937151335035095,
    1.4090159698335847,
    1.4694543845802177,
    1.4309813059363254,
    1.333385136905008,
    1.2237562704983922,
    1.3292011998011108,
    1.2176399428409033,
    1.2421037262957013,
    1.1972197494046084,
    1.1373117415746836,
    1.1632676896958862,
    1.1291339822942552,
    1.052563446369874,
    1.1319548517531266,
    1.0134332725221076,
    1.0891970414892709,
    0.9022165134360541,
    1.0041214083114958,
    1.0145381663702917,
    1.0781783054997194
  ],
  "reinforce_reward": [
    -0.03820044728907898,
    0.11038228851434488,
    0.20692710268167427,
    0.2937379703624508,
    0.3260090151241702,
    0.3481313859063777,
    0.4046487281797351,
    0.44867446609226175,
    0.45197705936623794,
    0.5195973256900398,
    0.5196470185470127,
    0.5060541453599909,
    0.48305427704534604,
    0.5596339446757705,
    0.5649096388726739,
    0.5218817011687151,
    0.5507401739806075,
    0.595658940644689,
    0.6057521723714323,
    0.5503622344241861,
    0.6047338813321833,
    0.6062365303181522,
    0.6283860797835592,
    0.6135895399509672,
    0.6648224263026044,
    0.6501967461017214,
    0.7117242587674718,
    0.6627155085996314,
    0.7048401128476885,
    0.6451323367841956,
    0.6803162497391321,
    0.7027822921105086,
    0.6901925944893345,
    0.696129916384738,
    0.6997522542232681,
    0.7118988266390416,
    0.713634960785771,
    0.7082435182767535,
    0.7412716698357016,
    0.7130473571108883,
    0.7475877968405478,
    0.7193155645195305,
    0.8319097787349664,
    0.7409745555238078,
    0.8083201004168893,
    0.763732966954428,
    0.760666431888137,
    0.8158865370710205,
    0.7731131762630219,
    0.8127973769659002
  ],
  "dqn_reward": [
    0.08574892048084135,
    0.26481446452002205,
    0.3504009392797769,
    0.4559581994937911,
    0.483642931233478,
    0.567614714208944,
    0.589878522814856,
    0.6956130324145582,
    0.6227892753335733,
    0.7177965820067598,
    0.5950052826729832,
    0.7759138149911985,
    0.7665183327252311,
    0.7917864207955843,
    0.7448643426029,
    0.7227935734044648,
    0.8663122491883963,
    0.8366623962342241,
    0.8367975103889018,
    0.8868454146443993,
    0.8435780218872785,
    0.8537824697490978,
    0.916893852365133,
    0.8876723450801337,
    0.9280360663783982,
    0.9564459885478478,
    0.9518961923372665,
    0.9512352305288432,
    0.91756005364228,
    0.9580133388375878,
    0.9720174235555759,
    0.9943136648722333,
    0.9658715829866069,
    1.0113475795237528,
    0.9770334808070782,
    1.0604871301172192,
    1.013089680920362,
    0.9758170936371472,
    1.0131162661145117,
    1.0470325946507313,
    1.0110023782888087,
    1.0384607568152386,
    1.1064015861373935,
    1.080669811559658,
    1.0596596271945034,
    1.021697224013705,
    1.0681808927462833,
    1.061955966271079,
    1.1019966542977677,
    1.0959126752500705
  ],
  "mcts_reward": [
    0.10006185474243684,
    0.20173542551290685,
    0.3373609808222788,
    0.44938450920891526,
    0.5478835874357829,
    0.5642218596219782,
    0.5709038553784125,
    0.6490722547247596,
    0.7064418081083543,
    0.7532973717602081,
    0.7483221209295411,
    0.7536855385356649,
    0.7776396908063621,
    0.8250807808718992,
    0.8210332940165344,
    0.8798357558671799,
    0.8691971952148313,
    0.883635628101129,
    0.9329415229312945,
    0.9992822922177614,
    0.9692484138359161,
    0.9520567850499131,
    1.0121842719749232,
    0.9762771269765153,
    0.9612603930011848,
    1.059200773172966,
    1.0388786388948203,
    1.0941275360350307,
    1.0640528146606014,
    1.1125465689314724,
    1.1000480449692778,
    1.0972491073634856,
    1.1632004553542183,
    1.0825617877864806,
    1.105218439117136,
    1.0593783132290586,
    1.1426274701374375,
    1.148682607691044,
    1.1273963876614883,
    1.1615421152812724,
    1.1035927566187231,
    1.1836726223860337,
    1.2326207413845858,
    1.1359118528403636,
    1.2083613964122715,
    1.1589321282309042,
    1.1386459357080787,
    1.234985213227987,
    1.2285664497849584,
    1.2139238276876312
  ],